{
  "empresas": [
    {
      "nome": "WLAN TELECOM",
      "funcionarios": [
        {
          "nome": "Felipe Costa",
          "grupo_valor_r$": [
            "comissao",
            "bonificacao",
            "ajuda de custo",
            "premios"
          ],
          "grupo_hora": [
            "hora extra 50%",
            "banco de horas"
          ],
          "grupo_dia": [
            "deslocamento"
          ]
        },
        {
          "nome": "Ana Laura Neves",
          "grupo_valor_r$": [
            "comissao",
            "bonificacao",
            "acelerador",
            "gratificacao (fixo)"
          ],
          "grupo_hora": [
            "hora extra 50%"
          ],
          "grupo_dia": [
            "sobreaviso",
            "plantao supervisor"
          ]
        },
        {
          "nome": "Lucas Pereira",
          "grupo_valor_r$": [
            "ajuda de custo",
            "premios",
            "desconto autorizado",
            "auxilio moradia"
          ],
          "grupo_hora": [
            "banco de horas"
          ],
          "grupo_dia": [
            "deslocamento",
            "sobreaviso"
          ]
        },
        {
          "nome": "Carla Machado",
          "grupo_valor_r$": [
            "gratificacao (fixo)",
            "ajuda de custo",
            "adiantamento salarial"
          ],
          "grupo_hora": [
            "hora extra 50%",
            "banco de horas"
          ],
          "grupo_dia": [
            "deslocamento"
          ]
        },
        {
          "nome": "Eduardo Guedes",
          "grupo_valor_r$": [
            "comissao",
            "acelerador",
            "premios"
          ],
          "grupo_hora": [
            "banco de horas"
          ],
          "grupo_dia": [
            "plantao supervisor"
          ]
        },
        {
          "nome": "Patrícia Souza",
          "grupo_valor_r$": [
            "bonificacao",
            "desconto autorizado"
          ],
          "grupo_hora": [
            "hora extra 50%"
          ],
          "grupo_dia": [
            "deslocamento"
          ]
        },
        {
          "nome": "Natanael Carvalho",
          "grupo_valor_r$": [
            "comissao"
          ],
          "grupo_hora": [
            "hora extra 50%"
          ],
          "grupo_dia": [
            "deslocamento"
          ]
        }
      ]
    },
    {
      "nome": "WLAN SISTEMAS",
      "funcionarios": [
        {
          "nome": "Gustavo Lima",
          "grupo_valor_r$": [
            "comissao",
            "bonificacao",
            "acelerador",
            "gratificacao (fixo)",
            "ajuda de custo"
          ],
          "grupo_hora": [
            "hora extra 50%",
            "banco de horas"
          ],
          "grupo_dia": [
            "deslocamento",
            "sobreaviso",
            "plantao supervisor"
          ]
        },
        {
          "nome": "Mariana Brito",
          "grupo_valor_r$": [
            "bonificacao",
            "premios",
            "desconto autorizado",
            "auxilio moradia"
          ],
          "grupo_hora": [
            "hora extra 50%"
          ],
          "grupo_dia": [
            "deslocamento",
            "sobreaviso"
          ]
        },
        {
          "nome": "Juliana Prado",
          "grupo_valor_r$": [
            "comissao",
            "gratificacao (fixo)",
            "aluguel de veiculo",
            "adiantamento salarial"
          ],
          "grupo_hora": [
            "banco de horas"
          ],
          "grupo_dia": [
            "sobreaviso",
            "plantao supervisor"
          ]
        },
        {
          "nome": "Thiago Martins",
          "grupo_valor_r$": [
            "acelerador",
            "ajuda de custo",
            "premios"
          ],
          "grupo_hora": [
            "hora extra 50%",
            "banco de horas"
          ],
          "grupo_dia": [
            "deslocamento",
            "plantao supervisor"
          ]
        }
      ]
    },
    {
      "nome": "MKTEL",
      "funcionarios": [
        {
          "nome": "Fernanda Alves",
          "grupo_valor_r$": [
            "ajuda de custo",
            "premios",
            "desconto autorizado",
            "auxilio moradia",
            "aluguel de veiculo"
          ],
          "grupo_hora": [
            "hora extra 50%",
            "banco de horas"
          ],
          "grupo_dia": [
            "deslocamento",
            "sobreaviso"
          ]
        },
        {
          "nome": "Bruno Santos",
          "grupo_valor_r$": [
            "comissao",
            "bonificacao",
            "gratificacao (fixo)",
            "adiantamento salarial"
          ],
          "grupo_hora": [
            "hora extra 50%"
          ],
          "grupo_dia": [
            "plantao supervisor"
          ]
        },
        {
          "nome": "Aline Ribeiro",
          "grupo_valor_r$": [
            "acelerador",
            "ajuda de custo",
            "premios",
            "desconto autorizado"
          ],
          "grupo_hora": [
            "banco de horas"
          ],
          "grupo_dia": [
            "deslocamento",
            "sobreaviso"
          ]
        },
        {
          "nome": "Márcio Cunha",
          "grupo_valor_r$": [
            "gratificacao (fixo)",
            "aluguel de veiculo"
          ],
          "grupo_hora": [
            "hora extra 50%",
            "banco de horas"
          ],
          "grupo_dia": [
            "sobreaviso"
          ]
        },
        {
          "nome": "Camila Gomes",
          "grupo_valor_r$": [
            "comissao",
            "bonificacao",
            "adiantamento salarial"
          ],
          "grupo_hora": [
            "hora extra 50%"
          ],
          "grupo_dia": [
            "deslocamento"
          ]
        }
      ]
    },
    {
      "nome": "AS AMPLITUDE",
      "funcionarios": [
        {
          "nome": "Roberto Oliveira",
          "grupo_valor_r$": [
            "acelerador",
            "gratificacao (fixo)",
            "ajuda de custo",
            "premios",
            "desconto autorizado"
          ],
          "grupo_hora": [
            "hora extra 50%",
            "banco de horas"
          ],
          "grupo_dia": [
            "deslocamento",
            "sobreaviso",
            "plantao supervisor"
          ]
        },
        {
          "nome": "Giovanna Pereira",
          "grupo_valor_r$": [
            "comissao",
            "bonificacao",
            "aluguel de veiculo",
            "adiantamento salarial"
          ],
          "grupo_hora": [
            "hora extra 50%"
          ],
          "grupo_dia": [
            "deslocamento"
          ]
        },
        {
          "nome": "Thiago Martins",
          "grupo_valor_r$": [
            "ajuda de custo",
            "premios"
          ],
          "grupo_hora": [
            "banco de horas"
          ],
          "grupo_dia": [
            "sobreaviso"
          ]
        },
        {
          "nome": "Carolina Dias",
          "grupo_valor_r$": [
            "gratificacao (fixo)",
            "auxilio moradia",
            "aluguel de veiculo"
          ],
          "grupo_hora": [
            "hora extra 50%",
            "banco de horas"
          ],
          "grupo_dia": [
            "plantao supervisor"
          ]
        },
        {
          "nome": "Daniela Lima",
          "grupo_valor_r$": [
            "comissao",
            "bonificacao"
          ],
          "grupo_hora": [
            "hora extra 50%"
          ],
          "grupo_dia": [
            "deslocamento",
            "sobreaviso"
          ]
        }
      ]
    }
  ]
}